Author,Pub_Year,English_Name,Life_stage,Life_stage_category,Response_variable,response_type,unique_study,common_name,species_order,treatment_var,rate_or_biomass,response_type_2,term,estimate,std.error,statistic,p.value,mean_estimate,se_estimate,replicate
Clark,2011,Pink Salmon,Adult,adult or juvenile,aerobic scope,metabolic rate,19,pink salmon,10,temperature,rate,ability_productivity_growth_survival,(Intercept),0.6319301819181442,0.10042647786063118,6.292465845462765,7.162970962232829e-7,0.6319301819181442,0.10042647786063118,NA
Clark,2011,Pink Salmon,Adult,adult or juvenile,aerobic scope,metabolic rate,19,pink salmon,10,temperature,rate,ability_productivity_growth_survival,treat_value,0.0013322244283994445,0.005381202394934388,0.24757002815087167,0.8062115812873514,0.0013322244283994445,0.005381202394934388,NA
Gooding et al,2009,Ochre star,Juvenile,adult or juvenile,feeding_rate,consumption,34,ochre star,3,temperature,rate,consumption,(Intercept),-0.012917939779621801,0.13122056193977255,-0.09844447843129082,0.9229749818431106,-0.012917939779621801,0.13122056193977255,NA
Gooding et al,2009,Ochre star,Juvenile,adult or juvenile,feeding_rate,consumption,34,ochre star,3,temperature,rate,consumption,treat_value,0.033272611023592545,0.008491545499946867,3.9183221739553464,0.0015450394133234588,0.033272611023592545,0.008491545499946867,NA
Gooding et al,2009,Ochre star,Juvenile,adult or juvenile,relative growth,growth,36,ochre star,3,temperature,biomass,ability_productivity_growth_survival,(Intercept),-0.06293682296654829,0.0647276283487286,-0.9723332149212681,0.34738579624558297,-0.06293682296654829,0.0647276283487286,NA
Gooding et al,2009,Ochre star,Juvenile,adult or juvenile,relative growth,growth,36,ochre star,3,temperature,biomass,ability_productivity_growth_survival,treat_value,0.027234602448366275,0.00418606476873618,6.506015542752508,1.3879821717147968e-5,0.027234602448366275,0.00418606476873618,NA
Kaldy,2014,seagrass,Adult,adult or juvenile,relative growth rate,growth,55,seagrass,1,temperature,biomass,ability_productivity_growth_survival,(Intercept),-0.07393708492595885,0.1265859791785089,-0.5840858948659261,0.5752579989388343,-0.07393708492595885,0.1265859791785089,NA
Kaldy,2014,seagrass,Adult,adult or juvenile,relative growth rate,growth,55,seagrass,1,temperature,biomass,ability_productivity_growth_survival,treat_value,0.041166521630919335,0.007956652054721727,5.1738496729274255,8.491233833374429e-4,0.041166521630919335,0.007956652054721727,NA
MacNutt et al,2006,Pink Salmon,Adult,adult or juvenile,aerobic scope,metabolic rate,68,pink salmon,10,temperature,rate,ability_productivity_growth_survival,(Intercept),0.6595639472770981,0.14528526420667776,4.539785578934044,9.749453208283447e-5,0.6595639472770981,0.14528526420667776,NA
MacNutt et al,2006,Pink Salmon,Adult,adult or juvenile,aerobic scope,metabolic rate,68,pink salmon,10,temperature,rate,ability_productivity_growth_survival,treat_value,-0.007670816439028101,0.009650209773404686,-0.7948859785585536,0.43336634092173665,-0.007670816439028101,0.009650209773404686,NA
Miller et al,2017,seagrass,Adult,adult or juvenile,photosynthesis rate,metabolic rate,80,seagrass,1,CO2,rate,ability_productivity_growth_survival,(Intercept),0.059576376251489545,0.09904355559591262,0.6015169376042491,0.5523352455644203,0.059576376251489545,0.09904355559591262,NA
Miller et al,2017,seagrass,Adult,adult or juvenile,photosynthesis rate,metabolic rate,80,seagrass,1,CO2,rate,ability_productivity_growth_survival,treat_value,3.576184175573787e-4,1.623195825561155e-4,2.203174822937623,0.035977520306995574,3.576184175573787e-4,1.623195825561155e-4,NA
Mortensen and Savviko,1993,Pink Salmon,Juvenile,adult or juvenile,growth_rate,growth,81,pink salmon,10,temperature,biomass,ability_productivity_growth_survival,(Intercept),0.32006954842455865,0.0503392890576,6.358245307324935,0.0014219885663238655,0.32006954842455865,0.0503392890576,NA
Mortensen and Savviko,1993,Pink Salmon,Juvenile,adult or juvenile,growth_rate,growth,81,pink salmon,10,temperature,biomass,ability_productivity_growth_survival,treat_value,0.03614287243967123,0.0034878394521787055,10.362539026013456,1.4407486343888937e-4,0.03614287243967123,0.0034878394521787055,NA
Reed,1969,Dungeness crab,larvae,propagule,survival,survival,86,Dungeness crab,4,salinity,biomass,ability_productivity_growth_survival,(Intercept),1.3866248693834906,NA,NA,NA,1.3866248693834906,NA,NA
Reed,1969,Dungeness crab,larvae,propagule,survival,survival,86,Dungeness crab,4,salinity,biomass,ability_productivity_growth_survival,treat_value,-0.015464994775339629,NA,NA,NA,-0.015464994775339629,NA,NA
Reed,1969,Dungeness crab,larvae,propagule,survival,survival,87,Dungeness crab,4,temperature,biomass,ability_productivity_growth_survival,(Intercept),1.2946284224250326,0.40361183357012426,3.207607693197384,0.04904577211656061,1.2946284224250326,0.40361183357012426,NA
Reed,1969,Dungeness crab,larvae,propagule,survival,survival,87,Dungeness crab,4,temperature,biomass,ability_productivity_growth_survival,treat_value,-0.036592785745328135,0.026989749826674368,-1.355803072659938,0.2681937484979772,-0.036592785745328135,0.026989749826674368,NA
Sayce and Tufts,1971,Razor Clam,Adult,adult or juvenile,survival,survival,91,razor clam,6,temperature,biomass,ability_productivity_growth_survival,(Intercept),3.262592692396126,0.47557945854968914,6.860247291473894,1.2963554105701065e-4,3.262592692396126,0.47557945854968914,NA
Sayce and Tufts,1971,Razor Clam,Adult,adult or juvenile,survival,survival,91,razor clam,6,temperature,biomass,ability_productivity_growth_survival,treat_value,-0.12028666115951529,0.019279368163989567,-6.239139173875491,2.4862011947718814e-4,-0.12028666115951529,0.019279368163989567,NA
Sullivan and Smith,1982,sablefish,Adult,adult or juvenile,respiration rate,metabolic rate,101,sablefish,7,oxygen,rate,consumption,(Intercept),0.0024455665509016318,0.08940384044174267,0.02735415546824537,0.9785927238050183,0.0024455665509016318,0.08940384044174267,NA
Sullivan and Smith,1982,sablefish,Adult,adult or juvenile,respiration rate,metabolic rate,101,sablefish,7,oxygen,rate,consumption,treat_value,0.12371229418987142,0.020435836700284447,6.053693616965997,4.0745179164973246e-5,0.12371229418987142,0.020435836700284447,NA
Taylor,1959,Razor Clam,Adult,adult or juvenile,instantaneous growth rate,growth,102,razor clam,6,temperature,biomass,ability_productivity_growth_survival,(Intercept),-0.07008659082359081,0.5100041008470678,-0.13742358288332135,0.8973358247889598,-0.07008659082359081,0.5100041008470678,NA
Taylor,1959,Razor Clam,Adult,adult or juvenile,instantaneous growth rate,growth,102,razor clam,6,temperature,biomass,ability_productivity_growth_survival,treat_value,0.06913935348167406,0.04597088503341753,1.5039813445274053,0.20702387896693072,0.06913935348167406,0.04597088503341753,NA
Thom,1996,Canopy-forming Kelp,Adult,adult or juvenile,oxygen flux,metabolic rate,105,canopy-forming kelp,2,CO2,rate,consumption,(Intercept),0.2890995472899329,0.06174511265034607,4.682144624580461,1.1405320497947415e-4,0.2890995472899329,0.06174511265034607,NA
Thom,1996,Canopy-forming Kelp,Adult,adult or juvenile,oxygen flux,metabolic rate,105,canopy-forming kelp,2,CO2,rate,consumption,treat_value,5.140737836824097e-4,1.0155913217505139e-4,5.061817412897263,4.536547388674778e-5,5.140737836824097e-4,1.0155913217505139e-4,NA
Thom,1996,seagrass,Adult,adult or juvenile,oxygen flux,metabolic rate,109,seagrass,1,CO2,rate,consumption,(Intercept),0.2679879627377138,0.07908409938586211,3.388645313265363,0.0025270842949382836,0.2679879627377138,0.07908409938586211,NA
Thom,1996,seagrass,Adult,adult or juvenile,oxygen flux,metabolic rate,109,seagrass,1,CO2,rate,consumption,treat_value,5.867260529863983e-4,1.2039689313929823e-4,4.8732657271110895,6.388548278138593e-5,5.867260529863983e-4,1.2039689313929823e-4,NA
Zimmerman et al,1989,seagrass,Adult,adult or juvenile,net photosynthesis,metabolic rate,120,seagrass,1,temperature,rate,ability_productivity_growth_survival,(Intercept),0.3163772612114632,0.15588966012637412,2.0294948424096093,0.13540991988965553,0.3163772612114632,0.15588966012637412,NA
Zimmerman et al,1989,seagrass,Adult,adult or juvenile,net photosynthesis,metabolic rate,120,seagrass,1,temperature,rate,ability_productivity_growth_survival,treat_value,0.018236654886426635,0.008047090369650872,2.2662420885945442,0.10829990078023073,0.018236654886426635,0.008047090369650872,NA
Zimmerman et al,1989,seagrass,Adult,adult or juvenile,respiration rate,metabolic rate,121,seagrass,1,oxygen,rate,consumption,(Intercept),0.03314546011118883,0.025883581196529195,1.2805592803994759,0.2903782365403411,0.03314546011118883,0.025883581196529195,NA
Zimmerman et al,1989,seagrass,Adult,adult or juvenile,respiration rate,metabolic rate,121,seagrass,1,oxygen,rate,consumption,treat_value,0.05579925714898438,0.004016677145151619,13.891894999909958,8.075019506099991e-4,0.05579925714898438,0.004016677145151619,NA
Bernatis et al,2007,Dungeness crab,1+ juvenile,adult or juvenile,food consumped,consumption,1,Dungeness crab,4,oxygen,rate,consumption,(Intercept),0.3080737657857399,0.030552428022898294,10.083446250322435,1.5868468432066987e-18,0.31443304604588834,0.0065634525841512855,1
Bernatis et al,2007,Dungeness crab,1+ juvenile,adult or juvenile,food consumped,consumption,1,Dungeness crab,4,oxygen,rate,consumption,treat_value,0.0942944779717644,0.008211272849713873,11.483539726127864,3.167316332062892e-22,0.09559010503677212,0.0023609032827728313,1
Boehlert and Yoklavich,1983,blue & black rockfish,NA,adult or juvenile,percent growth,growth,2,blue & black rockfish,9,temperature,biomass,ability_productivity_growth_survival,(Intercept),-0.16421165641521357,0.027992431797267535,-5.866287631046153,2.379253872521188e-7,-0.188648132898232,0.013850382257781652,1
Boehlert and Yoklavich,1983,blue & black rockfish,NA,adult or juvenile,percent growth,growth,2,blue & black rockfish,9,temperature,biomass,ability_productivity_growth_survival,treat_value,0.06516281739914054,0.0021293728928918755,30.60188171675451,4.549250380271293e-37,0.06678753701306725,0.0013125991499005289,1
Britsch,2017,Ochre star,Juvenile,adult or juvenile,growth_rate,growth,3,ochre star,3,pH,biomass,ability_productivity_growth_survival,(Intercept),-5.193581073541792,4.840872763204938,-1.0728604794196948,0.287777360720822,-6.251921594560442,5.972271078207114,1
Britsch,2017,Ochre star,Juvenile,adult or juvenile,growth_rate,growth,3,ochre star,3,pH,biomass,ability_productivity_growth_survival,treat_value,0.7679745783374958,0.6252849539798861,1.22819935686826,0.224332916399409,0.9108845064512444,0.7690657296021953,1
Brown and  Terwilliger,1999,Dungeness crab,1st juvenile,propagule,oxygen consumption,metabolic rate,4,Dungeness crab,4,salinity,rate,consumption,(Intercept),1.6032152088751035,0.10330091488132437,15.51985488915497,1.2818024702521877e-12,1.5743260658616307,0.12610994256132455,1
Brown and  Terwilliger,1999,Dungeness crab,1st juvenile,propagule,oxygen consumption,metabolic rate,4,Dungeness crab,4,salinity,rate,consumption,treat_value,-0.028088672473756307,0.003606624820247813,-7.788077183982314,1.760404676476992e-7,-0.0268731397712555,0.004993855220725212,1
Brown and  Terwilliger,1999,Dungeness crab,1st juvenile,propagule,oxygen consumption,metabolic rate,5,Dungeness crab,4,temperature,rate,consumption,(Intercept),-0.5516476554368206,0.03772895397032601,-14.621334476187544,3.8525821308339055e-12,-0.503921830395266,0.03007064935307604,1
Brown and  Terwilliger,1999,Dungeness crab,1st juvenile,propagule,oxygen consumption,metabolic rate,5,Dungeness crab,4,temperature,rate,consumption,treat_value,0.07842497741521552,0.002454055798739083,31.95729186578032,1.2147778170033783e-18,0.07454994022706465,0.0019339275845629013,1
Brown and  Terwilliger,1999,Dungeness crab,5th juvenile,adult or juvenile,oxygen consumption,metabolic rate,6,Dungeness crab,4,salinity,rate,consumption,(Intercept),0.10893415365973302,0.3163984443698904,0.3442942138248376,0.7357418826817875,0.33965983035856423,0.3198407056153955,1
Brown and  Terwilliger,1999,Dungeness crab,5th juvenile,adult or juvenile,oxygen consumption,metabolic rate,6,Dungeness crab,4,salinity,rate,consumption,treat_value,0.02809881492197171,0.011186374278541206,2.511878667949954,0.02488862068548883,0.020439782203481107,0.012807730721516081,1
Brown and  Terwilliger,1999,Dungeness crab,5th juvenile,adult or juvenile,oxygen consumption,metabolic rate,7,Dungeness crab,4,temperature,rate,consumption,(Intercept),0.4456250552243833,0.0968123084929362,4.602979333530692,6.077938477971705e-4,0.379302348764992,0.11594356847693679,1
Brown and  Terwilliger,1999,Dungeness crab,5th juvenile,adult or juvenile,oxygen consumption,metabolic rate,7,Dungeness crab,4,temperature,rate,consumption,treat_value,0.026782087956697887,0.006403532303059391,4.182392887110495,0.0012710856467929416,0.03072270858229352,0.006331737095553279,1
Brown and  Terwilliger,1999,Dungeness crab,Adult,adult or juvenile,oxygen consumption,metabolic rate,8,Dungeness crab,4,salinity,rate,consumption,(Intercept),0.06696196624501027,0.4534371603467165,0.14767639730675897,0.8874358170335779,0.31390077307431097,0.3280709160684945,1
Brown and  Terwilliger,1999,Dungeness crab,Adult,adult or juvenile,oxygen consumption,metabolic rate,8,Dungeness crab,4,salinity,rate,consumption,treat_value,0.026176787651835582,0.016031424546156758,1.6328422702841459,0.15362175524104243,0.021518425696479243,0.010909893490392453,1
Brown and  Terwilliger,1999,Dungeness crab,Adult,adult or juvenile,oxygen consumption,metabolic rate,9,Dungeness crab,4,temperature,rate,consumption,(Intercept),-0.13313181463159007,0.15603411355233238,-0.8532224883434796,0.4262797359087563,-0.038902642841108004,0.09758960239919287,1
Brown and  Terwilliger,1999,Dungeness crab,Adult,adult or juvenile,oxygen consumption,metabolic rate,9,Dungeness crab,4,temperature,rate,consumption,treat_value,0.05915935577469826,0.009868463830214336,5.994788732322219,9.689423484148411e-4,0.05166647323777296,0.007271253600052624,1
Brown and  Terwilliger,1999,Dungeness crab,megalopa,propagule,oxygen consumption,metabolic rate,10,Dungeness crab,4,salinity,rate,consumption,(Intercept),1.2043999779485088,0.10213666681602057,11.792043107476792,6.683300623775256e-10,1.1712767094432308,0.1021935426490123,1
Brown and  Terwilliger,1999,Dungeness crab,megalopa,propagule,oxygen consumption,metabolic rate,10,Dungeness crab,4,salinity,rate,consumption,treat_value,-0.008747804587938182,0.003611076485669958,-2.422492191082797,0.026187683178754827,-0.0071322969798062194,0.004147876640884004,1
Brown and  Terwilliger,1999,Dungeness crab,megalopa,propagule,oxygen consumption,metabolic rate,11,Dungeness crab,4,temperature,rate,consumption,(Intercept),0.1980336303651666,0.03987976042587042,4.965767804279489,1.1772194778856476e-4,0.17400948814242898,0.06185574981640836,1
Brown and  Terwilliger,1999,Dungeness crab,megalopa,propagule,oxygen consumption,metabolic rate,11,Dungeness crab,4,temperature,rate,consumption,treat_value,0.03991740244402229,0.00256301073556555,15.574418745153706,1.702988222823473e-11,0.04192269530510418,0.004873812974214144,1
Brown et al,2014,Canopy-forming Kelp,Adult,adult or juvenile,carbon uptake rate as photosynthesis,metabolic rate,12,canopy-forming kelp,2,CO2,rate,ability_productivity_growth_survival,(Intercept),0.5803518752293888,0.15682179905271423,3.7007092045558587,0.020822502359788043,0.7267471317054867,0.2347907171264106,1
Brown et al,2014,Canopy-forming Kelp,Adult,adult or juvenile,carbon uptake rate as photosynthesis,metabolic rate,12,canopy-forming kelp,2,CO2,rate,ability_productivity_growth_survival,treat_value,3.013600125147703e-4,1.402656812142724e-4,2.1484942710569896,0.09814728805997659,1.8606314015024068e-4,2.014430148128799e-4,1
Brown et al,2014,Canopy-forming Kelp,Adult,adult or juvenile,carbon uptake rate as photosynthesis,metabolic rate,13,canopy-forming kelp,2,temperature,rate,ability_productivity_growth_survival,(Intercept),2.1115357071223264,0.26979289224154024,7.826506063888111,0.0014389025184691716,2.704420027494774,0.69270418678846,1
Brown et al,2014,Canopy-forming Kelp,Adult,adult or juvenile,carbon uptake rate as photosynthesis,metabolic rate,13,canopy-forming kelp,2,temperature,rate,ability_productivity_growth_survival,treat_value,-0.1031917181886335,0.01986242720958661,-5.195322661211716,0.00653709949554183,-0.14125970925758535,0.04560899543665318,1
Brown et al,2014,Canopy-forming Kelp,Adult,adult or juvenile,size at 4 weeks,growth,14,canopy-forming kelp,2,CO2,biomass,ability_productivity_growth_survival,(Intercept),0.9831422468874628,0.09770372410586457,10.062484883607938,5.486096835003248e-4,1.0310729924314375,0.044961141858755084,1
Brown et al,2014,Canopy-forming Kelp,Adult,adult or juvenile,size at 4 weeks,growth,14,canopy-forming kelp,2,CO2,biomass,ability_productivity_growth_survival,treat_value,6.516384904733634e-5,8.738886750223919e-5,0.7456767768007364,0.4972970990704181,-5.553516217070567e-5,6.473445395110645e-5,1
Brown et al,2014,Canopy-forming Kelp,Adult,adult or juvenile,size at 4 weeks,growth,15,canopy-forming kelp,2,temperature,biomass,ability_productivity_growth_survival,(Intercept),2.7515948360452303,0.33170887401476024,8.295210202675467,0.0011531733001996331,2.6519781890775014,0.16987269357585366,1
Brown et al,2014,Canopy-forming Kelp,Adult,adult or juvenile,size at 4 weeks,growth,15,canopy-forming kelp,2,temperature,biomass,ability_productivity_growth_survival,treat_value,-0.14642189249013493,0.024420744780012653,-5.9957996289275775,0.0038925148127155976,-0.137158786684779,0.01238060801888926,1
Christmas,2013,Dungeness crab,Larvae,propagule,feeding_rate,consumption,16,Dungeness crab,4,CO2,rate,consumption,(Intercept),1.1986418948890925,0.02528909715998172,47.39757561554479,2.2472112167689035e-69,1.1762250474198435,0.023544161898285444,1
Christmas,2013,Dungeness crab,Larvae,propagule,feeding_rate,consumption,16,Dungeness crab,4,CO2,rate,consumption,treat_value,-3.9911891122449577e-4,3.1140560051426076e-5,-12.816690212551851,1.137249540825369e-22,-3.579204024054725e-4,3.2330588950912443e-5,1
Christmas,2013,Dungeness crab,Larvae,propagule,swimming_speed,movement,17,Dungeness crab,4,CO2,rate,activity_speed,(Intercept),0.24190615828459408,0.09314589412767404,2.5970673270151448,0.011941829517936037,0.2088522613684598,0.09163968355814431,1
Christmas,2013,Dungeness crab,Larvae,propagule,swimming_speed,movement,17,Dungeness crab,4,CO2,rate,activity_speed,treat_value,6.935240521314842e-4,1.1529757335558006e-4,6.015079345968903,1.3588432558062006e-7,7.445834286453822e-4,1.2762824000629087e-4,1
Christmas,2013,Dungeness crab,Larvae,propagule,turning_frequency,movement,18,Dungeness crab,4,CO2,rate,activity_speed,(Intercept),0.14800559488671167,0.04244216780511139,3.487229859849126,9.471661231380845e-4,0.1973616335956061,0.04330726773457922,1
Christmas,2013,Dungeness crab,Larvae,propagule,turning_frequency,movement,18,Dungeness crab,4,CO2,rate,activity_speed,treat_value,8.633584483901114e-4,5.253563779389172e-5,16.433767336702886,2.737548586334188e-23,7.769482177256081e-4,6.180639284535448e-5,1
Cook et al,2017,sablefish,larvae,propagule,prey strike rate,consumption,20,sablefish,7,temperature,NA,ability_productivity_growth_survival,(Intercept),-1.6255868089760532,0.27427083241106615,-5.926940151403664,5.834261385320402e-4,-1.1341092465525018,0.35210977252703185,1
Cook et al,2017,sablefish,larvae,propagule,prey strike rate,consumption,20,sablefish,7,temperature,NA,ability_productivity_growth_survival,treat_value,0.15942199941073787,0.01804569590628877,8.834350320354266,4.812784798005923e-5,0.1238782782174397,0.024742618474613634,1
Cook et al,2017,sablefish,larvae,propagule,survival,survival,21,sablefish,7,temperature,NA,ability_productivity_growth_survival,(Intercept),1.059727484044352,0.8161892588400088,1.2983845015927638,0.23529206369196742,1.1786952382775564,0.2296085133360735,1
Cook et al,2017,sablefish,larvae,propagule,survival,survival,21,sablefish,7,temperature,NA,ability_productivity_growth_survival,treat_value,-0.018631730016262282,0.053701310626174135,-0.34695112277541207,0.7388246508024281,-0.03358814375976263,0.015399972454754414,1
Cook et al,2017,sablefish,larvae,propagule,weight-based specific growth rate,growth,22,sablefish,7,temperature,NA,ability_productivity_growth_survival,(Intercept),-0.007258009511313872,0.0931776705518675,-0.07789430094492102,0.940091946974011,0.009872892266740966,0.053551591867263194,1
Cook et al,2017,sablefish,larvae,propagule,weight-based specific growth rate,growth,22,sablefish,7,temperature,NA,ability_productivity_growth_survival,treat_value,0.055327281720011744,0.006130640627200417,9.024714558301744,4.190275936650317e-5,0.05421375282872018,0.004234772413854293,1
Cullen et al.,2019,Canopy-forming Kelp,propagule,adult or juvenile,sporophyte_density,survival,23,canopy-forming kelp,2,temperature,biomass,ability_productivity_growth_survival,(Intercept),2.7983620765556863,0.3835862148589825,7.295262363858529,9.530230004579508e-8,2.7167006968432474,0.35630222693891117,1
Cullen et al.,2019,Canopy-forming Kelp,propagule,adult or juvenile,sporophyte_density,survival,23,canopy-forming kelp,2,temperature,biomass,ability_productivity_growth_survival,treat_value,-0.14862642029422257,0.025075815316809573,-5.927082266975816,2.971901217673135e-6,-0.1452972564211465,0.0203345990103717,1
Davison et al,1991,Canopy-forming Kelp,Adult,adult or juvenile,photosynthesis,metabolic rate,24,canopy-forming kelp,2,temperature,rate,ability_productivity_growth_survival,(Intercept),0.531363871392666,0.062471378425680665,8.50571709450601,3.0145271429711666e-9,0.5234617013017597,0.021381101274608866,1
Davison et al,1991,Canopy-forming Kelp,Adult,adult or juvenile,photosynthesis,metabolic rate,24,canopy-forming kelp,2,temperature,rate,ability_productivity_growth_survival,treat_value,0.0201399989386365,0.003657949365769033,5.505816763650676,6.9728993980135774e-6,0.021114892798961976,0.0013372686965915392,1
Davison et al,1991,Canopy-forming Kelp,Adult,adult or juvenile,respiration rate,metabolic rate,25,canopy-forming kelp,2,temperature,rate,consumption,(Intercept),0.29769160679182444,0.04069283445223105,7.315578056900458,5.7711068467283865e-8,0.2948612937285271,0.03183339720534085,1
Davison et al,1991,Canopy-forming Kelp,Adult,adult or juvenile,respiration rate,metabolic rate,25,canopy-forming kelp,2,temperature,rate,consumption,treat_value,0.022041614447494005,0.0020897910568610217,10.547281449563524,2.930554859766922e-11,0.022215239063918174,9.785866039011353e-4,1
Descoteaux,2014,Dungeness crab,Larvae,propagule,size,growth,26,Dungeness crab,4,pH,biomass,ability_productivity_growth_survival,(Intercept),-8.343733649588518,3.258610272683571,-2.560519040749597,0.06260366107973442,-5.761106398978307,4.518279209980083,1
Descoteaux,2014,Dungeness crab,Larvae,propagule,size,growth,26,Dungeness crab,4,pH,biomass,ability_productivity_growth_survival,treat_value,1.1851871310201811,0.41885194704171486,2.829608742160495,0.047363844553396574,0.8450882318974188,0.58591284469252225,1
Eerkes-Medrano,2013,Ochre star,Brachiolaria larva,propagule,survival,survival,27,ochre star,3,oxygen,biomass,ability_productivity_growth_survival,(Intercept),1.0006912395333494,0.004427868744845473,225.99839724207365,7.073873804422213e-20,1.0003242379954,0.005733885416915193,1
Eerkes-Medrano,2013,Ochre star,Brachiolaria larva,propagule,survival,survival,27,ochre star,3,oxygen,biomass,ability_productivity_growth_survival,treat_value,2.515352350257362e-4,0.0013283896822957773,0.18935349948745667,0.8536038414953014,1.8753111468257323e-4,0.001664891477066177,1
Fly et al.,2012,Ochre star,adult,adult or juvenile,Oxygen consumption rate,metabolic rate,28,ochre star,3,temperature,rate,ability_productivity_growth_survival,(Intercept),0.06954377403263144,0.04180183237570139,1.6636537223439016,0.09805705754810971,0.06125604110472969,0.0051579529807970455,1
Fly et al.,2012,Ochre star,adult,adult or juvenile,Oxygen consumption rate,metabolic rate,28,ochre star,3,temperature,rate,ability_productivity_growth_survival,treat_value,0.034895558008559494,0.0024480785872270996,14.254263809433155,1.1273449326464616e-30,0.03537834868368633,2.915028354229177e-4,1
Friedler,2014,Red urchin,gametes,propagule,fertilization success,survival,29,red urchin,5,CO2,biomass,ability_productivity_growth_survival,(Intercept),0.999504403700326,0.03111191047325058,32.12610182070563,5.559061429820734e-20,1.0391821118135507,0.024652263198993142,1
Friedler,2014,Red urchin,gametes,propagule,fertilization success,survival,29,red urchin,5,CO2,biomass,ability_productivity_growth_survival,treat_value,-2.2129399868564697e-4,2.90465288502498e-5,-7.618603924294515,1.3153433770692557e-7,-2.5497917508827267e-4,2.1637700212348976e-5,1
Frommel et al,2020,Pink Salmon,juvenile,adult or juvenile,condition index fultons K,growth,30,pink salmon,10,CO2,biomass,ability_productivity_growth_survival,(Intercept),1.3165397391510947,0.23682813165608063,5.559051325300155,3.650613366317701e-7,0.977417265032554,0.23094166957407,1
Frommel et al,2020,Pink Salmon,juvenile,adult or juvenile,condition index fultons K,growth,30,pink salmon,10,CO2,biomass,ability_productivity_growth_survival,treat_value,-2.1388954040833287e-4,1.9191113256949156e-4,-1.1145238816767593,0.268476896050494,2.022343070313348e-5,1.4900386222165303e-4,1
Gaitan-Espitia et al,2014,Canopy-forming Kelp,Spore,propagule,germination,survival,31,canopy-forming kelp,2,CO2,biomass,ability_productivity_growth_survival,(Intercept),1.061417345016482,0.014047183154302543,75.5608674961555,1.922011630160628e-17,1.0483616552382093,0.016626274507030782,1
Gaitan-Espitia et al,2014,Canopy-forming Kelp,Spore,propagule,germination,survival,31,canopy-forming kelp,2,CO2,biomass,ability_productivity_growth_survival,treat_value,-1.3680634783179888e-4,1.0867204739549543e-5,-12.5889178597982,2.8305630581927265e-8,-1.2866244718800723e-4,1.536030274754699e-5,1
Gaitan-Espitia et al,2014,Canopy-forming Kelp,Spore,propagule,germination,survival,32,canopy-forming kelp,2,temperature,biomass,ability_productivity_growth_survival,(Intercept),1.7192819986623011,0.06323046620021898,27.190721530001102,3.770426871903367e-12,1.7028487153335565,0.06994096703410697,1
Gaitan-Espitia et al,2014,Canopy-forming Kelp,Spore,propagule,germination,survival,32,canopy-forming kelp,2,temperature,biomass,ability_productivity_growth_survival,treat_value,-0.05585910038709304,0.004027336536431442,-13.869985754055927,9.484974445948477e-9,-0.05396801794681018,0.0045658359953092776,1
Gooding et al,2009,Ochre star,Juvenile,adult or juvenile,feeding_rate,consumption,33,ochre star,3,CO2,rate,consumption,(Intercept),0.7231053159262609,0.05037899159113894,14.353310637790663,1.6531501883743213e-7,0.7188482349543523,0.04772401474400214,1
Gooding et al,2009,Ochre star,Juvenile,adult or juvenile,feeding_rate,consumption,33,ochre star,3,CO2,rate,consumption,treat_value,2.828073020806589e-4,7.990719208888571e-5,3.5391970946254108,0.006322060693824959,3.381114246182375e-4,9.813246832760469e-5,1
Gooding et al,2009,Ochre star,Juvenile,adult or juvenile,feeding_rate,consumption,34,ochre star,3,temperature,rate,consumption,(Intercept),-0.17696438997363098,0.12506208349596967,-1.4150123284915044,0.19071994948765036,-0.1987677707921937,0.08574107555523683,1
Gooding et al,2009,Ochre star,Juvenile,adult or juvenile,feeding_rate,consumption,34,ochre star,3,temperature,rate,consumption,treat_value,0.03990267741237002,0.009116682484470338,4.376885723544894,0.001779165009424497,0.041213967925813166,0.006421509614351965,1
Gooding et al,2009,Ochre star,Juvenile,adult or juvenile,relative growth,growth,35,ochre star,3,CO2,biomass,ability_productivity_growth_survival,(Intercept),0.4519691599219076,0.05597918010023645,8.073879594388675,2.0565896425848462e-5,0.4821157778983954,0.04973844019603277,1
Gooding et al,2009,Ochre star,Juvenile,adult or juvenile,relative growth,growth,35,ochre star,3,CO2,biomass,ability_productivity_growth_survival,treat_value,7.328394466553147e-4,8.878977041760983e-5,8.253647275001507,1.7234661118952048e-5,6.70507893166802e-4,7.807302211385243e-5,1
Gooding et al,2009,Ochre star,Juvenile,adult or juvenile,relative growth,growth,36,ochre star,3,temperature,biomass,ability_productivity_growth_survival,(Intercept),-0.9351367642724634,0.39135875955029514,-2.3894616932734967,0.040593194966066365,-0.9421377020004039,0.21864354873425765,1
Gooding et al,2009,Ochre star,Juvenile,adult or juvenile,relative growth,growth,36,ochre star,3,temperature,biomass,ability_productivity_growth_survival,treat_value,0.12985836794841457,0.028528978956689086,4.55180566207986,0.0013823648305765603,0.129100108275089,0.017858998705505523,1
Gutermtuh and Armstrong,1989,Dungeness crab,1+ juvenile,adult or juvenile,oxygen consumption,metabolic rate,37,Dungeness crab,4,temperature,rate,consumption,(Intercept),0.3878770495793787,0.01032842036813594,37.55434381582808,4.195518409877356e-124,0.39448292787666756,0.004493633549883525,1
Gutermtuh and Armstrong,1989,Dungeness crab,1+ juvenile,adult or juvenile,oxygen consumption,metabolic rate,37,Dungeness crab,4,temperature,rate,consumption,treat_value,0.03758779247442584,8.065141316293486e-4,46.60524967924572,3.4676919098968305e-151,0.037086298239571894,4.669727992228922e-4,1
Gutermtuh and Armstrong,1989,Dungeness crab,1st juvenile,propagule,oxygen consumption,metabolic rate,38,Dungeness crab,4,temperature,rate,consumption,(Intercept),-0.18265091994415794,0.014709711659957558,-12.417029250231064,2.1224014271348728e-32,-0.17991062208334518,0.005051841084271325,1
Gutermtuh and Armstrong,1989,Dungeness crab,1st juvenile,propagule,oxygen consumption,metabolic rate,38,Dungeness crab,4,temperature,rate,consumption,treat_value,0.05880839267030917,0.0011486355031161226,51.198480728454264,4.197780569796886e-250,0.058601861588087285,5.4753359063629e-4,1
Hamilton et al,2017,blue & black rockfish,Juvenile,adult or juvenile,aerobic scope,metabolic rate,39,blue & black rockfish,9,CO2,rate,consumption,(Intercept),0.958049509141429,0.0261638268222156,36.61733108277391,9.672434555085936e-60,0.9657174326229385,0.01697615156740852,1
Hamilton et al,2017,blue & black rockfish,Juvenile,adult or juvenile,aerobic scope,metabolic rate,39,blue & black rockfish,9,CO2,rate,consumption,treat_value,7.6198379363348675e-6,2.1445601437639748e-5,0.3553100601301433,0.7231056611076347,1.0889746069912891e-5,1.8004121798629012e-5,1
Hamilton et al,2017,blue & black rockfish,Juvenile,adult or juvenile,Lateralization,movement,40,blue & black rockfish,9,CO2,information,ability_productivity_growth_survival,(Intercept),0.9069076856825067,0.10842672256059074,8.364245125787242,4.48826882124079e-13,0.970921272285117,0.08682114418404718,1
Hamilton et al,2017,blue & black rockfish,Juvenile,adult or juvenile,Lateralization,movement,40,blue & black rockfish,9,CO2,information,ability_productivity_growth_survival,treat_value,-3.941201521666898e-4,8.887370693225903e-5,-4.43460912986441,2.433590235919241e-5,-4.978150806014582e-4,8.925901330459818e-5,1
Hamilton et al,2017,blue & black rockfish,Juvenile,adult or juvenile,maximum swimming velocity,movement,41,blue & black rockfish,9,CO2,rate,ability_productivity_growth_survival,(Intercept),0.9715347255739196,0.008578350111004523,113.25426369898454,3.9783052414641627e-97,0.9777141252298337,0.005881419861008747,1
Hamilton et al,2017,blue & black rockfish,Juvenile,adult or juvenile,maximum swimming velocity,movement,41,blue & black rockfish,9,CO2,rate,ability_productivity_growth_survival,treat_value,9.555215946840344e-6,7.031382630805719e-6,1.3589384120524561,0.1776389341408637,2.485164609330782e-6,4.9690003085773225e-6,1
Hamilton et al,2017,copper & quillback rockfish,Juvenile,adult or juvenile,aerobic scope,metabolic rate,42,copper & quillback rockfish,8,CO2,rate,consumption,(Intercept),1.1351977533626394,0.029115590153147592,38.98934376365086,5.16608767289066e-56,1.1756798138683182,0.03340997783228976,1
Hamilton et al,2017,copper & quillback rockfish,Juvenile,adult or juvenile,aerobic scope,metabolic rate,42,copper & quillback rockfish,8,CO2,rate,consumption,treat_value,-3.048109339148338e-4,2.3865061723917785e-5,-12.77226673205498,1.781711086468959e-21,-3.2200597366489404e-4,2.0550798634411155e-5,1
Hamilton et al,2017,copper & quillback rockfish,Juvenile,adult or juvenile,Lateralization,movement,43,copper & quillback rockfish,8,CO2,information,ability_productivity_growth_survival,(Intercept),0.10371732208890805,0.07541217894548623,1.3753391499784533,0.1726402864542476,0.21145146700122777,0.06675887573962916,1
Hamilton et al,2017,copper & quillback rockfish,Juvenile,adult or juvenile,Lateralization,movement,43,copper & quillback rockfish,8,CO2,information,ability_productivity_growth_survival,treat_value,1.9594364097728887e-4,6.181280529787237e-5,3.169952245866333,0.002120181757227918,1.0406085627121134e-4,7.396815447799074e-5,1
Hamilton et al,2017,copper & quillback rockfish,Juvenile,adult or juvenile,maximum swimming velocity,movement,44,copper & quillback rockfish,8,CO2,rate,ability_productivity_growth_survival,(Intercept),1.0139368321204827,0.010073035682329591,100.65851686588978,4.5677810901063764e-80,1.0123410237344124,0.009991949658617542,1
Hamilton et al,2017,copper & quillback rockfish,Juvenile,adult or juvenile,maximum swimming velocity,movement,44,copper & quillback rockfish,8,CO2,rate,ability_productivity_growth_survival,treat_value,-4.339033869163104e-5,8.256525697798156e-6,-5.255278101199678,1.4092526324763719e-6,-4.230444609989797e-5,8.144062631251987e-6,1
Hans et al,2014,Dungeness crab,Adult,adult or juvenile,oxygen consumption,metabolic rate,45,Dungeness crab,4,pH,rate,consumption,(Intercept),-9.886547235405,0.8707183018769212,-11.354472754383995,3.2636969923040106e-6,-9.643964168140029,0.7965574976579567,1
Hans et al,2014,Dungeness crab,Adult,adult or juvenile,oxygen consumption,metabolic rate,45,Dungeness crab,4,pH,rate,consumption,treat_value,1.340182154393443,0.11223635154447852,11.940713823563105,2.226310596681254e-6,1.3082642952413501,0.10803368089900967,1
Held and Harley,2009,Ochre star,Adult,adult or juvenile,activity_coeff,movement,46,ochre star,3,salinity,rate,activity_speed,(Intercept),3.235880292410785,1.2740907496952154,2.5397565229830477,0.04409538888289842,1.8449547498320678,1.1614223893159303,1
Held and Harley,2009,Ochre star,Adult,adult or juvenile,activity_coeff,movement,46,ochre star,3,salinity,rate,activity_speed,treat_value,-0.08614441178623897,0.04614030261981123,-1.867010116861505,0.11113850951762165,-0.038592238036961685,0.03926982445742537,1
Held and Harley,2009,Ochre star,Adult,adult or juvenile,feeding_rate,consumption,47,ochre star,3,salinity,rate,consumption,(Intercept),-0.8070343029359152,0.10140904174753101,-7.958208548554437,2.0946227564347768e-4,-0.6232186414734363,0.14464554693520446,1
Held and Harley,2009,Ochre star,Adult,adult or juvenile,feeding_rate,consumption,47,ochre star,3,salinity,rate,consumption,treat_value,0.06161613502057565,0.003977589867118508,15.490821597756211,4.578194208345148e-6,0.0544157344446857,0.005076952487122652,1
Hollarsmith et al.,2020,Canopy-forming Kelp,egg,propagule,surviving_eggs_per_female,survival,48,canopy-forming kelp,2,CO2,biomass,ability_productivity_growth_survival,(Intercept),0.6589344418448603,0.13468583365762227,4.892381210038041,1.8570981872033965e-5,0.6746544773920867,0.03824786287246627,1
Hollarsmith et al.,2020,Canopy-forming Kelp,egg,propagule,surviving_eggs_per_female,survival,48,canopy-forming kelp,2,CO2,biomass,ability_productivity_growth_survival,treat_value,-8.754335331774676e-5,1.250696835964773e-4,-0.6999566225832564,0.4882177000929543,-1.121865562809787e-4,2.8815630665949956e-5,1
Hollarsmith et al.,2020,Canopy-forming Kelp,egg,propagule,surviving_eggs_per_female,survival,49,canopy-forming kelp,2,temperature,biomass,ability_productivity_growth_survival,(Intercept),1.2255366898743734,0.14196748713487434,8.6325166036789,1.7210325823445073e-10,1.2181168680719967,0.033199655956732806,1
Hollarsmith et al.,2020,Canopy-forming Kelp,egg,propagule,surviving_eggs_per_female,survival,49,canopy-forming kelp,2,temperature,biomass,ability_productivity_growth_survival,treat_value,-0.05095230789416282,0.008920748733958208,-5.7116627105755144,1.4155604962827547e-6,-0.05035981023135245,0.0019640527033247834,1
Hollarsmith et al.,2020,Canopy-forming Kelp,gametophyte,propagule,gametophyte_density,survival,50,canopy-forming kelp,2,CO2,biomass,ability_productivity_growth_survival,(Intercept),0.8278136139483485,0.0863837655368161,9.582976717952178,1.1003727056373661e-11,0.8448884855093788,0.03894382851969782,1
Hollarsmith et al.,2020,Canopy-forming Kelp,gametophyte,propagule,gametophyte_density,survival,50,canopy-forming kelp,2,CO2,biomass,ability_productivity_growth_survival,treat_value,-9.50872756247779e-5,8.021623306743695e-5,-1.185386947113797,0.24322456827798275,-1.1470715692524884e-4,3.229106530890952e-5,1
Hollarsmith et al.,2020,Canopy-forming Kelp,gametophyte,propagule,gametophyte_density,survival,51,canopy-forming kelp,2,temperature,biomass,ability_productivity_growth_survival,(Intercept),0.8015922078254337,0.07272413500069247,11.022368403801586,2.1319115641538365e-13,0.8262989197959856,0.03348469266915751,1
Hollarsmith et al.,2020,Canopy-forming Kelp,gametophyte,propagule,gametophyte_density,survival,51,canopy-forming kelp,2,temperature,biomass,ability_productivity_growth_survival,treat_value,0.0032431304945387297,0.00456973458027959,0.7096977816904861,0.48222397338766576,0.0017121271391509804,0.002968093578896294,1
Hollarsmith et al.,2020,Canopy-forming Kelp,sporophyte_embryo,propagule,surviving_sporophytes_per_female,survival,52,canopy-forming kelp,2,CO2,biomass,ability_productivity_growth_survival,(Intercept),-0.05789902989797413,0.1253220543846114,-0.46200192122834927,0.6467142053553561,-0.08558325187990226,0.030880068652988382,1
Hollarsmith et al.,2020,Canopy-forming Kelp,sporophyte_embryo,propagule,surviving_sporophytes_per_female,survival,52,canopy-forming kelp,2,CO2,biomass,ability_productivity_growth_survival,treat_value,6.384475707801904e-4,1.1637444907077524e-4,5.486149029087191,2.884284025087031e-6,6.496600673981671e-4,4.0097512229895e-5,1
Hollarsmith et al.,2020,Canopy-forming Kelp,sporophyte_embryo,propagule,surviving_sporophytes_per_female,survival,53,canopy-forming kelp,2,temperature,biomass,ability_productivity_growth_survival,(Intercept),1.5723822304795136,0.10954428149429822,14.353850415837144,6.285373542764052e-17,1.5687468687159527,0.02544469092587771,1
Hollarsmith et al.,2020,Canopy-forming Kelp,sporophyte_embryo,propagule,surviving_sporophytes_per_female,survival,53,canopy-forming kelp,2,temperature,biomass,ability_productivity_growth_survival,treat_value,-0.07917801363182439,0.006883385979243475,-11.502771146436062,6.068632469507799e-14,-0.07895712688474879,0.0012867337451113528,1
Hull,2020,Ochre star,adult,adult or juvenile,consumption rate,consumption,54,ochre star,3,temperature,rate,consumption,(Intercept),1.8005660947320323,0.3897180344714094,4.620176474958913,0.001709806207453479,1.662663290948586,0.4176720885833089,1
Hull,2020,Ochre star,adult,adult or juvenile,consumption rate,consumption,54,ochre star,3,temperature,rate,consumption,treat_value,-0.06974039698121419,0.027403512843330036,-2.544943685867225,0.03444468056625768,-0.05714667638502328,0.02814543708957297,1
Kim et al,2017,sablefish,Juvenile,adult or juvenile,feeding_efficiency,consumption,56,sablefish,7,temperature,biomass,ability_productivity_growth_survival,(Intercept),1.0436245403292812,0.0750927420449016,13.897808388795383,4.1173846925062046e-20,1.0995402035848199,0.06354045756056013,1
Kim et al,2017,sablefish,Juvenile,adult or juvenile,feeding_efficiency,consumption,56,sablefish,7,temperature,biomass,ability_productivity_growth_survival,treat_value,-0.011383729995520559,0.005586746262999023,-2.037631469128089,0.04615728862731065,-0.01522895083746513,0.004034964696600135,1
Kim et al,2017,sablefish,Juvenile,adult or juvenile,growth_rate,growth,57,sablefish,7,temperature,biomass,ability_productivity_growth_survival,(Intercept),0.8751511317961953,0.06243299463817678,14.01744601341058,2.80174351192211e-20,0.9141497237509534,0.042805774660029286,1
Kim et al,2017,sablefish,Juvenile,adult or juvenile,growth_rate,growth,57,sablefish,7,temperature,biomass,ability_productivity_growth_survival,treat_value,5.660654063532372e-4,0.0046448869755496384,0.12186849956370652,0.903424427658865,-0.002684572587760505,0.0027322862993649465,1
Krieger et al,2019,sablefish,Juvenile,adult or juvenile,assimilation_rate,consumption,58,sablefish,7,temperature,rate,ability_productivity_growth_survival,(Intercept),0.4297783561841161,0.027048719228916353,15.889046447887367,2.265766007342894e-18,0.4297488052322074,0.0077326973320396165,1
Krieger et al,2019,sablefish,Juvenile,adult or juvenile,assimilation_rate,consumption,58,sablefish,7,temperature,rate,ability_productivity_growth_survival,treat_value,0.03054810269135003,0.001840432230740352,16.598330642721585,5.284669090048763e-19,0.030582382652385182,5.592095347702258e-4,1
Krieger et al,2019,sablefish,Juvenile,adult or juvenile,specific growth rate,growth,59,sablefish,7,temperature,rate,ability_productivity_growth_survival,(Intercept),0.7540042191438022,0.09626957428405938,7.83221723738995,1.894999774682596e-9,0.7344054165339625,0.015903660567986908,1
Krieger et al,2019,sablefish,Juvenile,adult or juvenile,specific growth rate,growth,59,sablefish,7,temperature,rate,ability_productivity_growth_survival,treat_value,0.0011422822866635383,0.006550314854191847,0.17438585962513534,0.8624880040366578,0.0026469738197749883,0.001192469569481202,1
Leeuwis et al,2019,sablefish,adult,adult or juvenile,oxygen consumption rate,metabolic rate,60,sablefish,7,oxygen,NA,ability_productivity_growth_survival,(Intercept),0.7066903493712832,0.015767696213566093,44.81887143178635,6.304465380102497e-69,0.7154852694364217,0.007136824905112837,1
Leeuwis et al,2019,sablefish,adult,adult or juvenile,oxygen consumption rate,metabolic rate,60,sablefish,7,oxygen,NA,ability_productivity_growth_survival,treat_value,0.03222313210060612,0.003983103663850923,8.08995567779231,1.303453456178649e-12,0.030965238571490212,0.0023445744328272986,1
Leeuwis et al,2019,sablefish,adult,adult or juvenile,oxygen consumption rate,metabolic rate,61,sablefish,7,temperature,NA,ability_productivity_growth_survival,(Intercept),0.08025811914535617,0.027815256238919363,2.885399237597469,0.004387054681134503,0.10431328502282157,0.022800420462151437,1
Leeuwis et al,2019,sablefish,adult,adult or juvenile,oxygen consumption rate,metabolic rate,61,sablefish,7,temperature,NA,ability_productivity_growth_survival,treat_value,0.03749040440482281,0.001474959248531298,25.417925574658533,1.8593934145999002e-61,0.03624142050937856,0.0011672713887397543,1
Leeuwis et al,2019,sablefish,Juvenile,adult or juvenile,oxygen consumption rate,metabolic rate,62,sablefish,7,oxygen,NA,ability_productivity_growth_survival,(Intercept),0.5012547309589787,0.03072318957992587,16.315191808291022,6.527919381836066e-31,0.4984545548881276,0.009199117983199072,1
Leeuwis et al,2019,sablefish,Juvenile,adult or juvenile,oxygen consumption rate,metabolic rate,62,sablefish,7,oxygen,NA,ability_productivity_growth_survival,treat_value,0.07019832257691737,0.007036460150078621,9.976368952524092,5.2765655943258036e-17,0.07371705693177505,0.003404402323716388,1
Leeuwis et al,2019,sablefish,Juvenile,adult or juvenile,oxygen consumption rate,metabolic rate,63,sablefish,7,temperature,NA,ability_productivity_growth_survival,(Intercept),-0.22290472346441176,0.04067826975928834,-5.479700212999213,2.1279605384770216e-7,-0.23850589045180076,0.04592098281830058,1
Leeuwis et al,2019,sablefish,Juvenile,adult or juvenile,oxygen consumption rate,metabolic rate,63,sablefish,7,temperature,NA,ability_productivity_growth_survival,treat_value,0.04772433564304106,0.0022423485332236422,21.28319257061776,3.444203811807161e-44,0.04857818724418456,0.0026912695288794242,1
Lind and Konar,2017,Canopy-forming Kelp,zoospore,propagule,germtube_length,growth,64,canopy-forming kelp,2,salinity,biomass,ability_productivity_growth_survival,(Intercept),-0.04351203285072445,0.051777355306955125,-0.8403680062986837,0.42510402738568376,-0.04637561859204926,0.0585620330073256,1
Lind and Konar,2017,Canopy-forming Kelp,zoospore,propagule,germtube_length,growth,64,canopy-forming kelp,2,salinity,biomass,ability_productivity_growth_survival,treat_value,0.03383260648853147,0.001809799741393922,18.69411610285309,6.921256151292673e-8,0.03381538063344225,0.0019611812798299203,1
Lind and Konar,2017,Canopy-forming Kelp,zoospore,propagule,germtube_length,growth,65,canopy-forming kelp,2,temperature,biomass,ability_productivity_growth_survival,(Intercept),1.4655445751797804,0.13469984387832165,10.880076271681874,2.40200462832637e-9,1.4665427369710282,0.008353434533474036,1
Lind and Konar,2017,Canopy-forming Kelp,zoospore,propagule,germtube_length,growth,65,canopy-forming kelp,2,temperature,biomass,ability_productivity_growth_survival,treat_value,-0.045724280017858686,0.008605657356301035,-5.313281498987351,4.7365780817852423e-05,-0.045965753867992426,6.498425298812491e-4,1
Lind and Konar,2017,Canopy-forming Kelp,zoospore,propagule,zoospore_settlement,survival,66,canopy-forming kelp,2,salinity,biomass,ability_productivity_growth_survival,(Intercept),0.47370490042258373,0.31581837350918524,1.499928250402463,0.17202148437740708,0.6581332643408646,0.27670621446516974,1
Lind and Konar,2017,Canopy-forming Kelp,zoospore,propagule,zoospore_settlement,survival,66,canopy-forming kelp,2,salinity,biomass,ability_productivity_growth_survival,treat_value,0.016978582464144153,0.011038957229775602,1.5380603539569373,0.16259234708007925,0.0106897097981445,0.009278202141141811,1
Lind and Konar,2017,Canopy-forming Kelp,zoospore,propagule,zoospore_settlement,survival,67,canopy-forming kelp,2,temperature,biomass,ability_productivity_growth_survival,(Intercept),1.3428814395396742,0.05156429100187761,26.04285666394164,9.684207592718064e-16,1.3900177015822575,0.03202246704213643,1
Lind and Konar,2017,Canopy-forming Kelp,zoospore,propagule,zoospore_settlement,survival,67,canopy-forming kelp,2,temperature,biomass,ability_productivity_growth_survival,treat_value,-0.03837780473601901,0.003294321711193689,-11.649683334088495,8.118649923370068e-10,-0.040850113621613136,0.0016992941528001728,1
Mattiasen et al,2020,blue & black rockfish,Juvenile,adult or juvenile,aerobic_scope,metabolic rate,69,blue & black rockfish,9,oxygen,rate,rate,(Intercept),0.059031609066896466,0.03685451790937062,1.6017468797736494,0.11325404410531148,0.060082658620422814,0.01334777302584397,1
Mattiasen et al,2020,blue & black rockfish,Juvenile,adult or juvenile,aerobic_scope,metabolic rate,69,blue & black rockfish,9,oxygen,rate,rate,treat_value,0.15707244226258157,0.008729386917196692,17.993525061095923,1.7249197444146912e-29,0.15597360594519485,0.0033754124112502833,1
Mattiasen et al,2020,blue & black rockfish,Juvenile,adult or juvenile,movement,survival,70,blue & black rockfish,9,oxygen,rate,ability_productivity_growth_survival,(Intercept),0.8600725277117386,0.05816931119433399,14.785674955620145,2.4827406655445936e-24,0.8936686461895667,0.03599612609752933,1
Mattiasen et al,2020,blue & black rockfish,Juvenile,adult or juvenile,movement,survival,70,blue & black rockfish,9,oxygen,rate,ability_productivity_growth_survival,treat_value,0.01031614364852426,0.013778023779088792,0.7487389929012387,0.4562664749984271,0.002634368159010169,0.009230102391643052,1
Mattiasen et al,2020,copper & quillback rockfish,Juvenile,adult or juvenile,aerobic_scope,metabolic rate,71,copper & quillback rockfish,8,oxygen,rate,rate,(Intercept),0.21469871797894594,0.045023198858457285,4.768624251997508,8.463885387544935e-6,0.19888460431778685,0.02803927513628351,1
Mattiasen et al,2020,copper & quillback rockfish,Juvenile,adult or juvenile,aerobic_scope,metabolic rate,71,copper & quillback rockfish,8,oxygen,rate,rate,treat_value,0.10846583445560584,0.010664226406430123,10.17099884434234,5.925867568138364e-16,0.11378323465324151,0.007608642622514857,1
Mattiasen et al,2020,copper & quillback rockfish,Juvenile,adult or juvenile,movement,survival,72,copper & quillback rockfish,8,oxygen,rate,ability_productivity_growth_survival,(Intercept),0.32803325853468707,0.04442438152816972,7.384081606778916,1.4521670586141283e-10,0.2840199870358959,0.029294301043729144,1
Mattiasen et al,2020,copper & quillback rockfish,Juvenile,adult or juvenile,movement,survival,72,copper & quillback rockfish,8,oxygen,rate,ability_productivity_growth_survival,treat_value,0.08800877136586223,0.010522390114292008,8.363952525037497,1.8528814990190895e-12,0.09696452552249823,0.006776296263284729,1
McBride et al,1997,Red urchin,Adult,adult or juvenile,feeding_rate,consumption,73,red urchin,5,temperature,rate,consumption,(Intercept),-0.6319816271329242,0.1291335184049401,-4.894016944161162,2.369288161992304e-4,-0.567335267273326,0.08160806488100039,1
McBride et al,1997,Red urchin,Adult,adult or juvenile,feeding_rate,consumption,73,red urchin,5,temperature,rate,consumption,treat_value,0.10205201433800316,0.008852031857298463,11.5286542099215,1.561688199261792e-8,0.09698624971556509,0.006371538869373995,1
McBride et al,1997,Red urchin,Adult,adult or juvenile,gonad_index,growth,74,red urchin,5,temperature,biomass,ability_productivity_growth_survival,(Intercept),-0.0558784029085958,0.40430393178346175,-0.138208903045057,0.8920435450258944,0.395365652429191,0.4307031990491886,1
McBride et al,1997,Red urchin,Adult,adult or juvenile,gonad_index,growth,74,red urchin,5,temperature,biomass,ability_productivity_growth_survival,treat_value,0.06842632539658368,0.02771481276422275,2.4689441699896926,0.02703932506617143,0.0371319115316772,0.02822341354922381,1
McLean and Todghaam,2015,Dungeness crab,Juvenile,adult or juvenile,heart rate,metabolic rate,75,Dungeness crab,4,temperature,rate,consumption,(Intercept),0.032193354634485805,0.03919915989887514,0.8212766477020755,0.4137081282528188,0.01286219823027027,0.02332677283004429,1
McLean and Todghaam,2015,Dungeness crab,Juvenile,adult or juvenile,heart rate,metabolic rate,75,Dungeness crab,4,temperature,rate,consumption,treat_value,0.029362247979975466,0.0016401146666090737,17.902558020947232,4.411073823897088e-31,0.030509524600064796,0.0013020959644912192,1
McLean and Todghaam,2015,Dungeness crab,Juvenile,adult or juvenile,oxygen consumption,metabolic rate,76,Dungeness crab,4,temperature,rate,consumption,(Intercept),-0.654605847693787,0.06519142345305864,-10.0412878415692,4.156252628976981e-11,-0.6713310219847226,0.04490234051611787,1
McLean and Todghaam,2015,Dungeness crab,Juvenile,adult or juvenile,oxygen consumption,metabolic rate,76,Dungeness crab,4,temperature,rate,consumption,treat_value,0.052453197058752093,0.0028119087920091975,18.65394681641599,4.693744087657571e-18,0.053414264993008186,0.0018800594082382174,1
Miller and Emlet,1999,Red urchin,Adult,adult or juvenile,development_rate,growth,77,red urchin,5,temperature,biomass,ability_productivity_growth_survival,(Intercept),-0.4184923191116477,0.07297841805452716,-5.73446685017156,9.08541356655803e-6,-0.3861510737771413,0.043868757650713165,1
Miller and Emlet,1999,Red urchin,Adult,adult or juvenile,development_rate,growth,77,red urchin,5,temperature,biomass,ability_productivity_growth_survival,treat_value,0.10564803241061495,0.0069068185637290195,15.296193382785944,3.312276870909119e-13,0.1021929015021574,0.0038123577439558277,1
Miller et al,2016,Dungeness crab,Fertilized Egg,propagule,hatching probability,survival,78,Dungeness crab,4,CO2,biomass,ability_productivity_growth_survival,(Intercept),1.0474236868746554,0.09308294491705327,11.252584324744134,5.335861220899888e-7,1.0636940708739784,0.052300739212439926,1
Miller et al,2016,Dungeness crab,Fertilized Egg,propagule,hatching probability,survival,78,Dungeness crab,4,CO2,biomass,ability_productivity_growth_survival,treat_value,-1.1992363422711649e-4,7.150589250980433e-5,-1.677115409903785,0.12445126188995814,-1.7254365425978732e-4,4.707341661420718e-5,1
Miller et al,2016,Dungeness crab,Fertilized Egg,propagule,hatching timing,growth,79,Dungeness crab,4,CO2,biomass,ability_productivity_growth_survival,(Intercept),0.8261242608341334,0.001638832935988728,504.0930302854345,2.3222839709463078e-23,0.8263975804070296,6.12651837002092e-4,1
Miller et al,2016,Dungeness crab,Fertilized Egg,propagule,hatching timing,growth,79,Dungeness crab,4,CO2,biomass,ability_productivity_growth_survival,treat_value,-4.2215982684350784e-5,1.2589439651566923e-6,-33.532852813744135,1.3145308407225166e-11,-4.280250537296932e-5,1.3147035128800928e-6,1
Mortensen and Savviko,1993,Pink Salmon,Juvenile,adult or juvenile,growth_rate,growth,81,pink salmon,10,temperature,biomass,ability_productivity_growth_survival,(Intercept),0.3607084067464573,0.005936797624247155,60.75807692572286,1.3493072156291641e-79,0.3631286130929566,0.0024761953968555177,1
Mortensen and Savviko,1993,Pink Salmon,Juvenile,adult or juvenile,growth_rate,growth,81,pink salmon,10,temperature,biomass,ability_productivity_growth_survival,treat_value,0.02160082291155183,5.821509025824518e-4,37.10519526076392,1.66748078913931e-59,0.021384019152259334,2.2051327775792878e-4,1
Ou et al,2015,Pink Salmon,Juvenile,adult or juvenile,growth_rate,growth,82,pink salmon,10,CO2,biomass,ability_productivity_growth_survival,(Intercept),1.2011899056616722,0.04735204211693774,25.367224980398653,4.1961995481677863e-13,1.3613026275876232,0.11865746291555491,1
Ou et al,2015,Pink Salmon,Juvenile,adult or juvenile,growth_rate,growth,82,pink salmon,10,CO2,biomass,ability_productivity_growth_survival,treat_value,-7.486064683393888e-4,4.046774409648603e-5,-18.49884358649963,3.0882113959675714e-11,-8.662455487914733e-4,7.99213825261438e-5,1
Ou et al,2015,Pink Salmon,Juvenile,adult or juvenile,metabolic_rate,metabolic rate,83,pink salmon,10,CO2,rate,consumption,(Intercept),1.116300675619783,0.026035986333452263,42.875298109428925,2.961418177034607e-16,1.0848192267902017,0.025045752580002956,1
Ou et al,2015,Pink Salmon,Juvenile,adult or juvenile,metabolic_rate,metabolic rate,83,pink salmon,10,CO2,rate,consumption,treat_value,-1.997446021312695e-4,2.2250732706306586e-5,-8.976989871198954,3.4946116040785016e-7,-1.839992598570041e-4,1.565718851401823e-5,1
Palacios and Zimmerman,2007,seagrass,Adult,adult or juvenile,rhyzome biomass,growth,84,seagrass,1,pH,biomass,ability_productivity_growth_survival,(Intercept),2.143824765838519,1.0612764781777921,2.020043607787726,0.18080295309617556,2.775323596441449,0.48019074956499147,1
Palacios and Zimmerman,2007,seagrass,Adult,adult or juvenile,rhyzome biomass,growth,84,seagrass,1,pH,biomass,ability_productivity_growth_survival,treat_value,-0.20147670108407856,0.14217412012270966,-1.417112347241433,0.2921696355398494,-0.27803424762986106,0.06630432129711962,1
Pia et al,2012,Ochre star,Adult,adult or juvenile,survival,survival,85,ochre star,3,salinity,biomass,ability_productivity_growth_survival,(Intercept),0.33824836441669814,0.11849335982383534,2.854576534242709,0.046181710284671745,0.5328291516704209,0.24914458599546632,1
Pia et al,2012,Ochre star,Adult,adult or juvenile,survival,survival,85,ochre star,3,salinity,biomass,ability_productivity_growth_survival,treat_value,0.02260325371933963,0.004440726406177681,5.08999016194632,0.007031504544036847,0.014856685703582836,0.009148193790592781,1
Reuter et al,2011,Red urchin,gametes,propagule,fertilization success,survival,88,red urchin,5,CO2,biomass,ability_productivity_growth_survival,(Intercept),1.0371506440957068,0.07474288898184794,13.876245061220327,1.4573317635066852e-15,1.0364266868611278,0.06855987202724159,1
Reuter et al,2011,Red urchin,gametes,propagule,fertilization success,survival,88,red urchin,5,CO2,biomass,ability_productivity_growth_survival,treat_value,-5.996450465821929e-4,6.440800170151848e-5,-9.310101706944522,7.04230449743069e-11,-6.026790490483901e-4,4.295561113221148e-5,1
Roberts,2013,Dungeness crab,Larvae,propagule,larval_phototaxis,movement,89,Dungeness crab,4,CO2,information,ability_productivity_growth_survival,(Intercept),0.8968640202366975,0.03396552772899616,26.405125437549152,2.737567866188843e-33,0.8727003481440184,0.028844444948734917,1
Roberts,2013,Dungeness crab,Larvae,propagule,larval_phototaxis,movement,89,Dungeness crab,4,CO2,information,ability_productivity_growth_survival,treat_value,5.808486524819782e-5,2.9125199745707438e-5,1.9943164598127279,0.05099456518671372,7.913422253448027e-5,2.601178154340625e-5,1
Roberts,2013,Dungeness crab,Larvae,propagule,swimming_speed,movement,90,Dungeness crab,4,CO2,rate,activity_speed,(Intercept),1.0880321856431214,0.1254405258074285,8.67368961218663,4.599582155640397e-12,1.0756172337242698,0.17977105864312892,1
Roberts,2013,Dungeness crab,Larvae,propagule,swimming_speed,movement,90,Dungeness crab,4,CO2,rate,activity_speed,treat_value,-1.1670091319567727e-4,1.0756436347753174e-4,-1.0849403038586658,0.28243722339790395,-1.2721457673883153e-4,1.4261696756124716e-4,1
Shukla and Edwards,2017,Canopy-forming Kelp,gametophyte,propagule,gametophyte_survival,survival,92,canopy-forming kelp,2,CO2,biomass,ability_productivity_growth_survival,(Intercept),1.0503348364487448,0.04680549101274079,22.440419141481414,1.3084264125825501e-14,1.0152297526873193,0.04299231000077847,1
Shukla and Edwards,2017,Canopy-forming Kelp,gametophyte,propagule,gametophyte_survival,survival,92,canopy-forming kelp,2,CO2,biomass,ability_productivity_growth_survival,treat_value,-6.784909098839761e-5,4.199781938449691e-5,-1.6155384251555558,0.12358578473057298,-4.096079723008809e-5,4.346734150898534e-5,1
Shukla and Edwards,2017,Canopy-forming Kelp,gametophyte,propagule,gametophyte_survival,survival,93,canopy-forming kelp,2,temperature,biomass,ability_productivity_growth_survival,(Intercept),3.189850239767601,0.3000799380036635,10.630001662185954,3.4599911965667916e-9,3.0679750457145536,0.19641124845454297,1
Shukla and Edwards,2017,Canopy-forming Kelp,gametophyte,propagule,gametophyte_survival,survival,93,canopy-forming kelp,2,temperature,biomass,ability_productivity_growth_survival,treat_value,-0.18277328511391272,0.022092190332126598,-8.273207969248874,1.5141595728052968e-7,-0.17137690331547978,0.014993905767462432,1
Shukla and Edwards,2017,Canopy-forming Kelp,zoospore,propagule,sporophyte_density,growth,94,canopy-forming kelp,2,CO2,biomass,ability_productivity_growth_survival,(Intercept),0.2830462493079782,0.032422096426905786,8.73004156119558,6.914248448307624e-8,0.30378918536141203,0.030423507591604025,1
Shukla and Edwards,2017,Canopy-forming Kelp,zoospore,propagule,sporophyte_density,growth,94,canopy-forming kelp,2,CO2,biomass,ability_productivity_growth_survival,treat_value,4.8673459694867767e-4,2.9091829192290256e-5,16.73097259479542,2.0459988480207944e-12,4.6297174822508287e-4,2.5049724505228875e-5,1
Shukla and Edwards,2017,Canopy-forming Kelp,zoospore,propagule,sporophyte_density,growth,95,canopy-forming kelp,2,temperature,biomass,ability_productivity_growth_survival,(Intercept),2.244795918398392,0.23352623514332493,9.612606981912185,1.634683115416183e-8,2.612486633987163,0.27464074002726213,1
Shukla and Edwards,2017,Canopy-forming Kelp,zoospore,propagule,sporophyte_density,growth,95,canopy-forming kelp,2,temperature,biomass,ability_productivity_growth_survival,treat_value,-0.11050798321447192,0.017192439016927217,-6.427708314432216,4.750160121245439e-6,-0.13582634757985848,0.021315481097486485,1
Shukla and Edwards,2017,Canopy-forming Kelp,zoospore,propagule,zoospore_settlement,survival,96,canopy-forming kelp,2,CO2,biomass,ability_productivity_growth_survival,(Intercept),1.092645002622797,0.05352552674131787,20.413531059739263,6.763320582115873e-14,1.070995152571475,0.0791232141287929,1
Shukla and Edwards,2017,Canopy-forming Kelp,zoospore,propagule,zoospore_settlement,survival,96,canopy-forming kelp,2,CO2,biomass,ability_productivity_growth_survival,treat_value,-1.9994538811937413e-4,4.802760009354496e-5,-4.163135108352986,5.841650560075305e-4,-1.5888294013047686e-4,7.927996139967631e-5,1
Shukla and Edwards,2017,Canopy-forming Kelp,zoospore,propagule,zoospore_settlement,survival,97,canopy-forming kelp,2,temperature,biomass,ability_productivity_growth_survival,(Intercept),3.9113502575420833,0.11364825522770386,34.41628074012543,7.046463703279051e-18,4.034538482373432,0.16002423024338439,1
Shukla and Edwards,2017,Canopy-forming Kelp,zoospore,propagule,zoospore_settlement,survival,97,canopy-forming kelp,2,temperature,biomass,ability_productivity_growth_survival,treat_value,-0.24396933896217712,0.008366900173692661,-29.15886814680416,1.3245300185228188e-16,-0.2522836585971444,0.010756940610248544,1
Sogard and Olla,2001,sablefish,year 0 adult,adult or juvenile,specific growth rate,growth,98,sablefish,7,temperature,biomass,ability_productivity_growth_survival,(Intercept),0.3003608555170698,0.05140596117467126,5.842918771550246,7.338781417989901e-8,0.2979164577495722,0.010556339168190706,1
Sogard and Olla,2001,sablefish,year 0 adult,adult or juvenile,specific growth rate,growth,98,sablefish,7,temperature,biomass,ability_productivity_growth_survival,treat_value,0.02577534910938941,0.0029853904212443234,8.633828569278432,1.4704371233021224e-13,0.025727043157478507,5.257396887269911e-4,1
Sogard and Olla,2001,sablefish,year 0 adult,adult or juvenile,swimming speed,movement,99,sablefish,7,temperature,rate,ability_productivity_growth_survival,(Intercept),1.5014072023067258,0.21726116596563494,6.910610074440129,1.8168956062631114e-9,1.4683396448294608,0.04004091574769066,1
Sogard and Olla,2001,sablefish,year 0 adult,adult or juvenile,swimming speed,movement,99,sablefish,7,temperature,rate,ability_productivity_growth_survival,treat_value,-0.041061553208925336,0.011254386650641964,-3.648493203899578,5.039677432408488e-4,-0.03925200732402587,0.0020938063065543207,1
Sogard and Spencer,2001,sablefish,year 0 adult,adult or juvenile,mass at 12 weeks,growth,100,sablefish,7,temperature,biomass,ability_productivity_growth_survival,(Intercept),-0.0712443849131297,0.020615524072137015,-3.4558609649618517,0.006165344796494905,-0.039686223787636823,0.02868992590578307,1
Sogard and Spencer,2001,sablefish,year 0 adult,adult or juvenile,mass at 12 weeks,growth,100,sablefish,7,temperature,biomass,ability_productivity_growth_survival,treat_value,0.053372385423249416,0.0013038402245196467,40.93475904450836,1.81273386581508e-12,0.05157718280174069,0.0021990010120474064,1
Thom,1996,Canopy-forming Kelp,Adult,adult or juvenile,oxygen flux 1,metabolic rate,103,canopy-forming kelp,2,CO2,rate,consumption,(Intercept),-0.05301925957002624,0.046300072466266044,-1.1451226044766076,0.267156540918057,-0.07275050993539334,0.03393998562969265,1
Thom,1996,Canopy-forming Kelp,Adult,adult or juvenile,oxygen flux 1,metabolic rate,103,canopy-forming kelp,2,CO2,rate,consumption,treat_value,0.0013152943512212945,7.705983411802645e-5,17.068481476442866,1.457391722735408e-12,0.0013915429567352535,7.294948447609261e-5,1
Thom,1996,Canopy-forming Kelp,Adult,adult or juvenile,oxygen flux 2,metabolic rate,104,canopy-forming kelp,2,CO2,rate,consumption,(Intercept),-0.2308567005220934,0.03489344488280424,-6.616047836419308,3.2722263765241734e-6,-0.2709469931489643,0.031419775945592095,1
Thom,1996,Canopy-forming Kelp,Adult,adult or juvenile,oxygen flux 2,metabolic rate,104,canopy-forming kelp,2,CO2,rate,consumption,treat_value,0.0015735240851372852,5.807513749432029e-5,27.094625222216216,4.829243280155641e-16,0.0016748188169504788,6.4730382349307e-5,1
Thom,1996,seagrass,Adult,adult or juvenile,leaf extansion rate,growth,106,seagrass,1,CO2,biomass,ability_productivity_growth_survival,(Intercept),0.6388823309650448,0.23353363314434267,2.7357187158141105,0.033927711343697625,0.4264246737636167,0.22119267938871934,1
Thom,1996,seagrass,Adult,adult or juvenile,leaf extansion rate,growth,106,seagrass,1,CO2,biomass,ability_productivity_growth_survival,treat_value,-4.348742510446046e-5,4.140437848129514e-4,-0.10503098150381936,0.9197744295968575,4.76355670335801e-4,4.282773983733404e-4,1
Thom,1996,seagrass,Adult,adult or juvenile,oxygen flux 1,metabolic rate,107,seagrass,1,CO2,rate,consumption,(Intercept),-0.24292327838696945,0.21988468728941402,-1.1047757867160246,0.2838062019325879,-0.2079694946503417,0.16120299796190737,1
Thom,1996,seagrass,Adult,adult or juvenile,oxygen flux 1,metabolic rate,107,seagrass,1,CO2,rate,consumption,treat_value,0.0015416209459998003,3.659665444360128e-4,4.212464143069624,5.235223487721504e-4,0.0015539534472185626,3.584397247609576e-4,1
Thom,1996,seagrass,Adult,adult or juvenile,oxygen flux 2,metabolic rate,108,seagrass,1,CO2,rate,consumption,(Intercept),0.9280586491443074,0.1186805063607608,7.819806955686787,3.384805058831031e-7,0.6842341768027823,0.16482211114068016,1
Thom,1996,seagrass,Adult,adult or juvenile,oxygen flux 2,metabolic rate,108,seagrass,1,CO2,rate,consumption,treat_value,2.0593398568442086e-5,1.975266915590028e-4,0.10425628256063142,0.9181188665767757,4.2652029745415197e-4,2.6520884831990224e-4,1
Ulbricht and Pritchard,1972,Red urchin,Adult,adult or juvenile,metabolic_rate,metabolic rate,110,red urchin,5,temperature,rate,consumption,(Intercept),-0.05494424660691065,0.02142121286572078,-2.5649456429628685,0.012141247259746041,-0.06549849758018506,0.013967591120180539,1
Ulbricht and Pritchard,1972,Red urchin,Adult,adult or juvenile,metabolic_rate,metabolic rate,110,red urchin,5,temperature,rate,consumption,treat_value,0.04388319963551767,0.0013259397890875446,33.09592184854504,3.299049105558862e-49,0.044528912531030425,7.319785682163508e-4,1
Vaughn,2015,Red urchin,Adult,adult or juvenile,growth_rate,growth,111,red urchin,5,CO2,biomass,ability_productivity_growth_survival,(Intercept),1.1731101875448473,0.07327900016418967,16.008818145940374,1.8676629822159673e-08,1.1702038047702399,0.08953381361166723,1
Vaughn,2015,Red urchin,Adult,adult or juvenile,growth_rate,growth,111,red urchin,5,CO2,biomass,ability_productivity_growth_survival,treat_value,-2.8481574575900745e-4,9.269141807147682e-5,-3.072730482334173,0.011785822873670703,-2.99926122549201e-4,9.066702317313731e-5,1
Wong and Hoffman,2020,Red urchin,embryo,propagule,gastrula area,growth,112,red urchin,5,CO2,biomass,ability_productivity_growth_survival,(Intercept),1.1743967413083833,0.03490226131195356,33.648156227234715,2.0473283993308093e-20,1.0947948162419772,0.04231990994482513,1
Wong and Hoffman,2020,Red urchin,embryo,propagule,gastrula area,growth,112,red urchin,5,CO2,biomass,ability_productivity_growth_survival,treat_value,-2.4424184762673174e-4,4.336193211100388e-5,-5.632632950983079,1.1559482482518513e-5,-1.850473703548935e-4,4.686610634946231e-5,1
Wong and Hoffman,2020,Red urchin,embryo,propagule,gastrula area,growth,113,red urchin,5,temperature,biomass,ability_productivity_growth_survival,(Intercept),1.1622537875878,0.09257297680308035,12.555000689457426,1.6603763017111647e-11,0.995351009699443,0.11882069358478498,1
Wong and Hoffman,2020,Red urchin,embryo,propagule,gastrula area,growth,113,red urchin,5,temperature,biomass,ability_productivity_growth_survival,treat_value,-0.008852318667883352,0.006038281283064099,-1.4660328416153683,0.15678764483536178,3.943579471251602e-4,0.007346473848711601,1
Wong and Hoffman,2020,Red urchin,embryo,propagule,gastrula length,growth,114,red urchin,5,CO2,biomass,ability_productivity_growth_survival,(Intercept),1.0361381161602803,0.018785849138806585,55.155245232960674,4.411077900501368e-25,1.0500061148311108,0.024667888130766837,1
Wong and Hoffman,2020,Red urchin,embryo,propagule,gastrula length,growth,114,red urchin,5,CO2,biomass,ability_productivity_growth_survival,treat_value,-8.25095140896954e-5,2.3339195925551832e-5,-3.535233790953513,0.0018599059947229382,-1.0771826123691444e-4,2.9781368646712733e-5,1
Wong and Hoffman,2020,Red urchin,embryo,propagule,gastrula length,growth,115,red urchin,5,temperature,biomass,ability_productivity_growth_survival,(Intercept),0.9376055317214407,0.05055908279695608,18.544749624648833,6.422015680634213e-15,0.9549015176508725,0.05162538964274641,1
Wong and Hoffman,2020,Red urchin,embryo,propagule,gastrula length,growth,115,red urchin,5,temperature,biomass,ability_productivity_growth_survival,treat_value,0.004258685393619243,0.0032978302511666615,1.2913597939471455,0.2099829406631365,0.002854640504050234,0.0033105874409282325,1
Wong and Hoffman,2020,Red urchin,embryo,propagule,metabolic_rate,metabolic rate,116,red urchin,5,CO2,rate,consumption,(Intercept),0.712604975075295,0.11802613557228271,6.037687937676097,4.46370061376312e-6,0.8638378260844051,0.1166701476440498,1
Wong and Hoffman,2020,Red urchin,embryo,propagule,metabolic_rate,metabolic rate,116,red urchin,5,CO2,rate,consumption,treat_value,2.6962074337528996e-4,1.4663351558417994e-4,1.8387388606290698,0.07949223383505549,1.3428342454066308e-4,1.2924793409271402e-4,1
Wong and Hoffman,2020,Red urchin,embryo,propagule,metabolic_rate,metabolic rate,117,red urchin,5,temperature,rate,consumption,(Intercept),1.6576398618866337,0.20101752571483938,8.246245475323073,3.555730802929784e-8,1.3478632155408659,0.25566290726035484,1
Wong and Hoffman,2020,Red urchin,embryo,propagule,metabolic_rate,metabolic rate,117,red urchin,5,temperature,rate,consumption,treat_value,-0.04992222441065219,0.013111821667717849,-3.8074209423976475,9.635759134521971e-4,-0.02663015215102438,0.01762591214463938,1
Wong and Hoffman,2020,Red urchin,embryo,propagule,prism length,growth,118,red urchin,5,CO2,biomass,ability_productivity_growth_survival,(Intercept),1.0328626661627194,0.039818475447943195,25.939282068019793,5.470974800404842e-18,1.0311378042403365,0.04729013829678146,1
Wong and Hoffman,2020,Red urchin,embryo,propagule,prism length,growth,118,red urchin,5,CO2,biomass,ability_productivity_growth_survival,treat_value,-9.51538636984138e-5,4.9469746779588976e-5,-1.9234758593442793,0.06745659746955611,-9.661143762809458e-5,5.549187790762027e-5,1
Wong and Hoffman,2020,Red urchin,embryo,propagule,prism length,growth,119,red urchin,5,temperature,biomass,ability_productivity_growth_survival,(Intercept),0.1573439351322144,0.08729210199048672,1.8024990983647304,0.08518500857126025,0.3540321174502224,0.10313958134854985,1
Wong and Hoffman,2020,Red urchin,embryo,propagule,prism length,growth,119,red urchin,5,temperature,biomass,ability_productivity_growth_survival,treat_value,0.05039224758991612,0.005693824308250389,8.85033412725739,1.0606691671329233e-8,0.03732891371955892,0.007097271551630432,1
